"LOCATION","INDICATOR","SUBJECT","MEASURE","FREQUENCY","TIME","Value","Flag Codes"
"FRA","BCI","AMPLITUD","LTRENDIDX","M","2008-01",102.0953,
"FRA","BCI","AMPLITUD","LTRENDIDX","M","2008-02",101.9719,
"FRA","BCI","AMPLITUD","LTRENDIDX","M","2008-03",101.7965,
"FRA","BCI","AMPLITUD","LTRENDIDX","M","2008-04",101.4554,
"FRA","BCI","AMPLITUD","LTRENDIDX","M","2008-05",100.9977,
"FRA","BCI","AMPLITUD","LTRENDIDX","M","2008-06",100.5426,
"FRA","BCI","AMPLITUD","LTRENDIDX","M","2008-07",100.0694,
"FRA","BCI","AMPLITUD","LTRENDIDX","M","2008-08",99.60181,
"FRA","BCI","AMPLITUD","LTRENDIDX","M","2008-09",98.88686,
"FRA","BCI","AMPLITUD","LTRENDIDX","M","2008-10",97.79041,
"FRA","BCI","AMPLITUD","LTRENDIDX","M","2008-11",96.52464,
"FRA","BCI","AMPLITUD","LTRENDIDX","M","2008-12",95.44488,
"FRA","BCI","AMPLITUD","LTRENDIDX","M","2009-01",94.9254,
"FRA","BCI","AMPLITUD","LTRENDIDX","M","2009-02",94.67026,
"FRA","BCI","AMPLITUD","LTRENDIDX","M","2009-03",94.66595,
"FRA","BCI","AMPLITUD","LTRENDIDX","M","2009-04",94.98526,
"FRA","BCI","AMPLITUD","LTRENDIDX","M","2009-05",95.41259,
"FRA","BCI","AMPLITUD","LTRENDIDX","M","2009-06",95.79243,
"FRA","BCI","AMPLITUD","LTRENDIDX","M","2009-07",96.14362,
"FRA","BCI","AMPLITUD","LTRENDIDX","M","2009-08",96.62245,
"FRA","BCI","AMPLITUD","LTRENDIDX","M","2009-09",97.22568,
"FRA","BCI","AMPLITUD","LTRENDIDX","M","2009-10",97.72677,
"FRA","BCI","AMPLITUD","LTRENDIDX","M","2009-11",98.15579,
"FRA","BCI","AMPLITUD","LTRENDIDX","M","2009-12",98.49689,
"FRA","BCI","AMPLITUD","LTRENDIDX","M","2010-01",98.67437,
"FRA","BCI","AMPLITUD","LTRENDIDX","M","2010-02",98.84346,
"FRA","BCI","AMPLITUD","LTRENDIDX","M","2010-03",99.19473,
"FRA","BCI","AMPLITUD","LTRENDIDX","M","2010-04",99.44204,
"FRA","BCI","AMPLITUD","LTRENDIDX","M","2010-05",99.48215,
"FRA","BCI","AMPLITUD","LTRENDIDX","M","2010-06",99.50839,
"FRA","BCI","AMPLITUD","LTRENDIDX","M","2010-07",99.79007,
"FRA","BCI","AMPLITUD","LTRENDIDX","M","2010-08",100.231,
"FRA","BCI","AMPLITUD","LTRENDIDX","M","2010-09",100.7018,
"FRA","BCI","AMPLITUD","LTRENDIDX","M","2010-10",101.0316,
"FRA","BCI","AMPLITUD","LTRENDIDX","M","2010-11",101.2961,
"FRA","BCI","AMPLITUD","LTRENDIDX","M","2010-12",101.7399,
"FRA","BCI","AMPLITUD","LTRENDIDX","M","2011-01",102.1693,
"FRA","BCI","AMPLITUD","LTRENDIDX","M","2011-02",102.411,
"FRA","BCI","AMPLITUD","LTRENDIDX","M","2011-03",102.5145,
"FRA","BCI","AMPLITUD","LTRENDIDX","M","2011-04",102.348,
"FRA","BCI","AMPLITUD","LTRENDIDX","M","2011-05",102.0725,
"FRA","BCI","AMPLITUD","LTRENDIDX","M","2011-06",101.7849,
"FRA","BCI","AMPLITUD","LTRENDIDX","M","2011-07",101.3059,
"FRA","BCI","AMPLITUD","LTRENDIDX","M","2011-08",100.7023,
"FRA","BCI","AMPLITUD","LTRENDIDX","M","2011-09",100.1885,
"FRA","BCI","AMPLITUD","LTRENDIDX","M","2011-10",99.88179,
"FRA","BCI","AMPLITUD","LTRENDIDX","M","2011-11",99.73838,
"FRA","BCI","AMPLITUD","LTRENDIDX","M","2011-12",99.60741,
"FRA","BCI","AMPLITUD","LTRENDIDX","M","2012-01",99.48267,
"FRA","BCI","AMPLITUD","LTRENDIDX","M","2012-02",99.52526,
"FRA","BCI","AMPLITUD","LTRENDIDX","M","2012-03",99.50246,
"FRA","BCI","AMPLITUD","LTRENDIDX","M","2012-04",99.35875,
"FRA","BCI","AMPLITUD","LTRENDIDX","M","2012-05",99.18458,
"FRA","BCI","AMPLITUD","LTRENDIDX","M","2012-06",98.99898,
"FRA","BCI","AMPLITUD","LTRENDIDX","M","2012-07",98.8696,
"FRA","BCI","AMPLITUD","LTRENDIDX","M","2012-08",98.75537,
"FRA","BCI","AMPLITUD","LTRENDIDX","M","2012-09",98.61779,
"FRA","BCI","AMPLITUD","LTRENDIDX","M","2012-10",98.42685,
"FRA","BCI","AMPLITUD","LTRENDIDX","M","2012-11",98.51527,
"FRA","BCI","AMPLITUD","LTRENDIDX","M","2012-12",98.65024,
"FRA","BCI","AMPLITUD","LTRENDIDX","M","2013-01",98.75729,
"FRA","BCI","AMPLITUD","LTRENDIDX","M","2013-02",98.80344,
"FRA","BCI","AMPLITUD","LTRENDIDX","M","2013-03",98.65392,
"FRA","BCI","AMPLITUD","LTRENDIDX","M","2013-04",98.49546,
"FRA","BCI","AMPLITUD","LTRENDIDX","M","2013-05",98.62476,
"FRA","BCI","AMPLITUD","LTRENDIDX","M","2013-06",98.90294,
"FRA","BCI","AMPLITUD","LTRENDIDX","M","2013-07",99.20389,
"FRA","BCI","AMPLITUD","LTRENDIDX","M","2013-08",99.44295,
"FRA","BCI","AMPLITUD","LTRENDIDX","M","2013-09",99.6189,
"FRA","BCI","AMPLITUD","LTRENDIDX","M","2013-10",99.82768,
"FRA","BCI","AMPLITUD","LTRENDIDX","M","2013-11",99.97807,
"FRA","BCI","AMPLITUD","LTRENDIDX","M","2013-12",100.1605,
"FRA","BCI","AMPLITUD","LTRENDIDX","M","2014-01",100.2803,
"FRA","BCI","AMPLITUD","LTRENDIDX","M","2014-02",100.2539,
"FRA","BCI","AMPLITUD","LTRENDIDX","M","2014-03",100.1962,
"FRA","BCI","AMPLITUD","LTRENDIDX","M","2014-04",100.104,
"FRA","BCI","AMPLITUD","LTRENDIDX","M","2014-05",99.85951,
"FRA","BCI","AMPLITUD","LTRENDIDX","M","2014-06",99.61133,
"FRA","BCI","AMPLITUD","LTRENDIDX","M","2014-07",99.51351,
"FRA","BCI","AMPLITUD","LTRENDIDX","M","2014-08",99.54058,
"FRA","BCI","AMPLITUD","LTRENDIDX","M","2014-09",99.7297,
"FRA","BCI","AMPLITUD","LTRENDIDX","M","2014-10",99.97311,
"FRA","BCI","AMPLITUD","LTRENDIDX","M","2014-11",100.0817,
"FRA","BCI","AMPLITUD","LTRENDIDX","M","2014-12",100.0652,
"FRA","BCI","AMPLITUD","LTRENDIDX","M","2015-01",100.1135,
"FRA","BCI","AMPLITUD","LTRENDIDX","M","2015-02",100.1986,
"FRA","BCI","AMPLITUD","LTRENDIDX","M","2015-03",100.2422,
"FRA","BCI","AMPLITUD","LTRENDIDX","M","2015-04",100.2477,
"FRA","BCI","AMPLITUD","LTRENDIDX","M","2015-05",100.2563,
"FRA","BCI","AMPLITUD","LTRENDIDX","M","2015-06",100.3059,
"FRA","BCI","AMPLITUD","LTRENDIDX","M","2015-07",100.4037,
"FRA","BCI","AMPLITUD","LTRENDIDX","M","2015-08",100.4952,
"FRA","BCI","AMPLITUD","LTRENDIDX","M","2015-09",100.5649,
"FRA","BCI","AMPLITUD","LTRENDIDX","M","2015-10",100.6166,
"FRA","BCI","AMPLITUD","LTRENDIDX","M","2015-11",100.6043,
"FRA","BCI","AMPLITUD","LTRENDIDX","M","2015-12",100.7592,
"FRA","BCI","AMPLITUD","LTRENDIDX","M","2016-01",100.9705,
"FRA","BCI","AMPLITUD","LTRENDIDX","M","2016-02",101.0992,
"FRA","BCI","AMPLITUD","LTRENDIDX","M","2016-03",101.0204,
"FRA","BCI","AMPLITUD","LTRENDIDX","M","2016-04",100.8548,
"FRA","BCI","AMPLITUD","LTRENDIDX","M","2016-05",100.651,
"FRA","BCI","AMPLITUD","LTRENDIDX","M","2016-06",100.4423,
"FRA","BCI","AMPLITUD","LTRENDIDX","M","2016-07",100.2886,
"FRA","BCI","AMPLITUD","LTRENDIDX","M","2016-08",100.304,
"FRA","BCI","AMPLITUD","LTRENDIDX","M","2016-09",100.4499,
"FRA","BCI","AMPLITUD","LTRENDIDX","M","2016-10",100.5915,
"FRA","BCI","AMPLITUD","LTRENDIDX","M","2016-11",100.713,
"FRA","BCI","AMPLITUD","LTRENDIDX","M","2016-12",100.8306,
"FRA","BCI","AMPLITUD","LTRENDIDX","M","2017-01",100.9244,
"FRA","BCI","AMPLITUD","LTRENDIDX","M","2017-02",101.0198,
"FRA","BCI","AMPLITUD","LTRENDIDX","M","2017-03",101.0938,
"FRA","BCI","AMPLITUD","LTRENDIDX","M","2017-04",101.3221,
"FRA","BCI","AMPLITUD","LTRENDIDX","M","2017-05",101.5907,
"FRA","BCI","AMPLITUD","LTRENDIDX","M","2017-06",101.772,
"FRA","BCI","AMPLITUD","LTRENDIDX","M","2017-07",101.8903,
"FRA","BCI","AMPLITUD","LTRENDIDX","M","2017-08",102.0487,
"FRA","BCI","AMPLITUD","LTRENDIDX","M","2017-09",102.2018,
"FRA","BCI","AMPLITUD","LTRENDIDX","M","2017-10",102.2329,
"FRA","BCI","AMPLITUD","LTRENDIDX","M","2017-11",102.2515,
"FRA","BCI","AMPLITUD","LTRENDIDX","M","2017-12",102.2915,
"FRA","BCI","AMPLITUD","LTRENDIDX","M","2018-01",102.2749,
"FRA","BCI","AMPLITUD","LTRENDIDX","M","2018-02",102.152,
"FRA","BCI","AMPLITUD","LTRENDIDX","M","2018-03",102.0625,
"FRA","BCI","AMPLITUD","LTRENDIDX","M","2018-04",102.1336,
"FRA","BCI","AMPLITUD","LTRENDIDX","M","2018-05",102.2264,
"FRA","BCI","AMPLITUD","LTRENDIDX","M","2018-06",102.2983,
"FRA","BCI","AMPLITUD","LTRENDIDX","M","2018-07",102.1832,
"FRA","BCI","AMPLITUD","LTRENDIDX","M","2018-08",101.9357,
"FRA","BCI","AMPLITUD","LTRENDIDX","M","2018-09",101.6203,
"FRA","BCI","AMPLITUD","LTRENDIDX","M","2018-10",101.379,
"FRA","BCI","AMPLITUD","LTRENDIDX","M","2018-11",101.2593,
"FRA","BCI","AMPLITUD","LTRENDIDX","M","2018-12",101.0397,
"FRA","BCI","AMPLITUD","LTRENDIDX","M","2019-01",100.7657,
"FRA","BCI","AMPLITUD","LTRENDIDX","M","2019-02",100.5171,
"FRA","BCI","AMPLITUD","LTRENDIDX","M","2019-03",100.3935,
"FRA","BCI","AMPLITUD","LTRENDIDX","M","2019-04",100.3481,
"FRA","BCI","AMPLITUD","LTRENDIDX","M","2019-05",100.473,
"FRA","BCI","AMPLITUD","LTRENDIDX","M","2019-06",100.4499,
"FRA","BCI","AMPLITUD","LTRENDIDX","M","2019-07",100.3631,
"FRA","BCI","AMPLITUD","LTRENDIDX","M","2019-08",100.3074,
"FRA","BCI","AMPLITUD","LTRENDIDX","M","2019-09",100.2049,
"FRA","BCI","AMPLITUD","LTRENDIDX","M","2019-10",100.1847,
"FRA","BCI","AMPLITUD","LTRENDIDX","M","2019-11",100.2346,
"FRA","BCI","AMPLITUD","LTRENDIDX","M","2019-12",100.3115,
"FRA","BCI","AMPLITUD","LTRENDIDX","M","2020-01",100.3459,
"FRA","BCI","AMPLITUD","LTRENDIDX","M","2020-02",99.85773,
"FRA","BCI","AMPLITUD","LTRENDIDX","M","2020-03",98.58983,
"FRA","BCI","AMPLITUD","LTRENDIDX","M","2020-04",97.05054,
"FRA","BCI","AMPLITUD","LTRENDIDX","M","2020-05",96.98725,
"FRA","BCI","AMPLITUD","LTRENDIDX","M","2020-06",97.83531,
"FRA","BCI","AMPLITUD","LTRENDIDX","M","2020-07",98.73087,
"FRA","BCI","AMPLITUD","LTRENDIDX","M","2020-08",99.26929,
"FRA","BCI","AMPLITUD","LTRENDIDX","M","2020-09",99.2595,
"FRA","BCI","AMPLITUD","LTRENDIDX","M","2020-10",98.96166,
"HUN","BCI","AMPLITUD","LTRENDIDX","M","2008-01",99.64938,
"HUN","BCI","AMPLITUD","LTRENDIDX","M","2008-02",99.49992,
"HUN","BCI","AMPLITUD","LTRENDIDX","M","2008-03",99.41425,
"HUN","BCI","AMPLITUD","LTRENDIDX","M","2008-04",99.38447,
"HUN","BCI","AMPLITUD","LTRENDIDX","M","2008-05",99.53663,
"HUN","BCI","AMPLITUD","LTRENDIDX","M","2008-06",99.49609,
"HUN","BCI","AMPLITUD","LTRENDIDX","M","2008-07",99.37134,
"HUN","BCI","AMPLITUD","LTRENDIDX","M","2008-08",98.95866,
"HUN","BCI","AMPLITUD","LTRENDIDX","M","2008-09",98.18835,
"HUN","BCI","AMPLITUD","LTRENDIDX","M","2008-10",97.04439,
"HUN","BCI","AMPLITUD","LTRENDIDX","M","2008-11",95.73467,
"HUN","BCI","AMPLITUD","LTRENDIDX","M","2008-12",94.65601,
"HUN","BCI","AMPLITUD","LTRENDIDX","M","2009-01",93.92485,
"HUN","BCI","AMPLITUD","LTRENDIDX","M","2009-02",93.51283,
"HUN","BCI","AMPLITUD","LTRENDIDX","M","2009-03",93.39919,
"HUN","BCI","AMPLITUD","LTRENDIDX","M","2009-04",93.83278,
"HUN","BCI","AMPLITUD","LTRENDIDX","M","2009-05",94.67409,
"HUN","BCI","AMPLITUD","LTRENDIDX","M","2009-06",95.45458,
"HUN","BCI","AMPLITUD","LTRENDIDX","M","2009-07",96.20732,
"HUN","BCI","AMPLITUD","LTRENDIDX","M","2009-08",96.70786,
"HUN","BCI","AMPLITUD","LTRENDIDX","M","2009-09",96.96471,
"HUN","BCI","AMPLITUD","LTRENDIDX","M","2009-10",97.21179,
"HUN","BCI","AMPLITUD","LTRENDIDX","M","2009-11",97.54438,
"HUN","BCI","AMPLITUD","LTRENDIDX","M","2009-12",98.16505,
"HUN","BCI","AMPLITUD","LTRENDIDX","M","2010-01",98.72953,
"HUN","BCI","AMPLITUD","LTRENDIDX","M","2010-02",99.07645,
"HUN","BCI","AMPLITUD","LTRENDIDX","M","2010-03",99.39159,
"HUN","BCI","AMPLITUD","LTRENDIDX","M","2010-04",99.47507,
"HUN","BCI","AMPLITUD","LTRENDIDX","M","2010-05",99.64813,
"HUN","BCI","AMPLITUD","LTRENDIDX","M","2010-06",99.76923,
"HUN","BCI","AMPLITUD","LTRENDIDX","M","2010-07",100.0042,
"HUN","BCI","AMPLITUD","LTRENDIDX","M","2010-08",100.2979,
"HUN","BCI","AMPLITUD","LTRENDIDX","M","2010-09",100.4607,
"HUN","BCI","AMPLITUD","LTRENDIDX","M","2010-10",100.6678,
"HUN","BCI","AMPLITUD","LTRENDIDX","M","2010-11",101.1035,
"HUN","BCI","AMPLITUD","LTRENDIDX","M","2010-12",101.5616,
"HUN","BCI","AMPLITUD","LTRENDIDX","M","2011-01",101.8879,
"HUN","BCI","AMPLITUD","LTRENDIDX","M","2011-02",102.0371,
"HUN","BCI","AMPLITUD","LTRENDIDX","M","2011-03",101.9601,
"HUN","BCI","AMPLITUD","LTRENDIDX","M","2011-04",101.7558,
"HUN","BCI","AMPLITUD","LTRENDIDX","M","2011-05",101.1256,
"HUN","BCI","AMPLITUD","LTRENDIDX","M","2011-06",100.5645,
"HUN","BCI","AMPLITUD","LTRENDIDX","M","2011-07",99.97604,
"HUN","BCI","AMPLITUD","LTRENDIDX","M","2011-08",99.53333,
"HUN","BCI","AMPLITUD","LTRENDIDX","M","2011-09",99.239,
"HUN","BCI","AMPLITUD","LTRENDIDX","M","2011-10",98.93907,
"HUN","BCI","AMPLITUD","LTRENDIDX","M","2011-11",98.78882,
"HUN","BCI","AMPLITUD","LTRENDIDX","M","2011-12",98.8882,
"HUN","BCI","AMPLITUD","LTRENDIDX","M","2012-01",99.19635,
"HUN","BCI","AMPLITUD","LTRENDIDX","M","2012-02",99.68938,
"HUN","BCI","AMPLITUD","LTRENDIDX","M","2012-03",100.0309,
"HUN","BCI","AMPLITUD","LTRENDIDX","M","2012-04",99.85036,
"HUN","BCI","AMPLITUD","LTRENDIDX","M","2012-05",99.19502,
"HUN","BCI","AMPLITUD","LTRENDIDX","M","2012-06",98.71012,
"HUN","BCI","AMPLITUD","LTRENDIDX","M","2012-07",98.45103,
"HUN","BCI","AMPLITUD","LTRENDIDX","M","2012-08",98.26093,
"HUN","BCI","AMPLITUD","LTRENDIDX","M","2012-09",98.28716,
"HUN","BCI","AMPLITUD","LTRENDIDX","M","2012-10",98.52826,
"HUN","BCI","AMPLITUD","LTRENDIDX","M","2012-11",98.67913,
"HUN","BCI","AMPLITUD","LTRENDIDX","M","2012-12",98.79018,
"HUN","BCI","AMPLITUD","LTRENDIDX","M","2013-01",98.83783,
"HUN","BCI","AMPLITUD","LTRENDIDX","M","2013-02",98.59198,
"HUN","BCI","AMPLITUD","LTRENDIDX","M","2013-03",98.23288,
"HUN","BCI","AMPLITUD","LTRENDIDX","M","2013-04",98.08251,
"HUN","BCI","AMPLITUD","LTRENDIDX","M","2013-05",98.53503,
"HUN","BCI","AMPLITUD","LTRENDIDX","M","2013-06",99.02825,
"HUN","BCI","AMPLITUD","LTRENDIDX","M","2013-07",99.26299,
"HUN","BCI","AMPLITUD","LTRENDIDX","M","2013-08",99.52432,
"HUN","BCI","AMPLITUD","LTRENDIDX","M","2013-09",99.93247,
"HUN","BCI","AMPLITUD","LTRENDIDX","M","2013-10",100.3744,
"HUN","BCI","AMPLITUD","LTRENDIDX","M","2013-11",100.8885,
"HUN","BCI","AMPLITUD","LTRENDIDX","M","2013-12",101.3089,
"HUN","BCI","AMPLITUD","LTRENDIDX","M","2014-01",101.5224,
"HUN","BCI","AMPLITUD","LTRENDIDX","M","2014-02",101.7559,
"HUN","BCI","AMPLITUD","LTRENDIDX","M","2014-03",101.8911,
"HUN","BCI","AMPLITUD","LTRENDIDX","M","2014-04",101.9383,
"HUN","BCI","AMPLITUD","LTRENDIDX","M","2014-05",101.6656,
"HUN","BCI","AMPLITUD","LTRENDIDX","M","2014-06",101.2158,
"HUN","BCI","AMPLITUD","LTRENDIDX","M","2014-07",100.8867,
"HUN","BCI","AMPLITUD","LTRENDIDX","M","2014-08",100.9158,
"HUN","BCI","AMPLITUD","LTRENDIDX","M","2014-09",101.2525,
"HUN","BCI","AMPLITUD","LTRENDIDX","M","2014-10",101.7215,
"HUN","BCI","AMPLITUD","LTRENDIDX","M","2014-11",101.8798,
"HUN","BCI","AMPLITUD","LTRENDIDX","M","2014-12",101.7043,
"HUN","BCI","AMPLITUD","LTRENDIDX","M","2015-01",101.5197,
"HUN","BCI","AMPLITUD","LTRENDIDX","M","2015-02",101.5098,
"HUN","BCI","AMPLITUD","LTRENDIDX","M","2015-03",101.6011,
"HUN","BCI","AMPLITUD","LTRENDIDX","M","2015-04",101.6024,
"HUN","BCI","AMPLITUD","LTRENDIDX","M","2015-05",101.4984,
"HUN","BCI","AMPLITUD","LTRENDIDX","M","2015-06",101.5777,
"HUN","BCI","AMPLITUD","LTRENDIDX","M","2015-07",101.6788,
"HUN","BCI","AMPLITUD","LTRENDIDX","M","2015-08",101.7975,
"HUN","BCI","AMPLITUD","LTRENDIDX","M","2015-09",101.899,
"HUN","BCI","AMPLITUD","LTRENDIDX","M","2015-10",101.8645,
"HUN","BCI","AMPLITUD","LTRENDIDX","M","2015-11",101.7535,
"HUN","BCI","AMPLITUD","LTRENDIDX","M","2015-12",101.5812,
"HUN","BCI","AMPLITUD","LTRENDIDX","M","2016-01",101.4512,
"HUN","BCI","AMPLITUD","LTRENDIDX","M","2016-02",101.2989,
"HUN","BCI","AMPLITUD","LTRENDIDX","M","2016-03",101.2142,
"HUN","BCI","AMPLITUD","LTRENDIDX","M","2016-04",101.1654,
"HUN","BCI","AMPLITUD","LTRENDIDX","M","2016-05",101.32,
"HUN","BCI","AMPLITUD","LTRENDIDX","M","2016-06",101.5352,
"HUN","BCI","AMPLITUD","LTRENDIDX","M","2016-07",101.633,
"HUN","BCI","AMPLITUD","LTRENDIDX","M","2016-08",101.3775,
"HUN","BCI","AMPLITUD","LTRENDIDX","M","2016-09",101.1272,
"HUN","BCI","AMPLITUD","LTRENDIDX","M","2016-10",101.0188,
"HUN","BCI","AMPLITUD","LTRENDIDX","M","2016-11",101.1103,
"HUN","BCI","AMPLITUD","LTRENDIDX","M","2016-12",101.2541,
"HUN","BCI","AMPLITUD","LTRENDIDX","M","2017-01",101.3051,
"HUN","BCI","AMPLITUD","LTRENDIDX","M","2017-02",101.234,
"HUN","BCI","AMPLITUD","LTRENDIDX","M","2017-03",101.2053,
"HUN","BCI","AMPLITUD","LTRENDIDX","M","2017-04",101.3912,
"HUN","BCI","AMPLITUD","LTRENDIDX","M","2017-05",101.6142,
"HUN","BCI","AMPLITUD","LTRENDIDX","M","2017-06",101.9329,
"HUN","BCI","AMPLITUD","LTRENDIDX","M","2017-07",102.226,
"HUN","BCI","AMPLITUD","LTRENDIDX","M","2017-08",102.3455,
"HUN","BCI","AMPLITUD","LTRENDIDX","M","2017-09",102.4879,
"HUN","BCI","AMPLITUD","LTRENDIDX","M","2017-10",102.4958,
"HUN","BCI","AMPLITUD","LTRENDIDX","M","2017-11",102.5302,
"HUN","BCI","AMPLITUD","LTRENDIDX","M","2017-12",102.6768,
"HUN","BCI","AMPLITUD","LTRENDIDX","M","2018-01",102.8901,
"HUN","BCI","AMPLITUD","LTRENDIDX","M","2018-02",103.0823,
"HUN","BCI","AMPLITUD","LTRENDIDX","M","2018-03",103.1035,
"HUN","BCI","AMPLITUD","LTRENDIDX","M","2018-04",103.1704,
"HUN","BCI","AMPLITUD","LTRENDIDX","M","2018-05",103.4814,
"HUN","BCI","AMPLITUD","LTRENDIDX","M","2018-06",103.6777,
"HUN","BCI","AMPLITUD","LTRENDIDX","M","2018-07",103.604,
"HUN","BCI","AMPLITUD","LTRENDIDX","M","2018-08",103.1765,
"HUN","BCI","AMPLITUD","LTRENDIDX","M","2018-09",102.8216,
"HUN","BCI","AMPLITUD","LTRENDIDX","M","2018-10",102.9378,
"HUN","BCI","AMPLITUD","LTRENDIDX","M","2018-11",103.2227,
"HUN","BCI","AMPLITUD","LTRENDIDX","M","2018-12",103.4781,
"HUN","BCI","AMPLITUD","LTRENDIDX","M","2019-01",103.4107,
"HUN","BCI","AMPLITUD","LTRENDIDX","M","2019-02",103.1269,
"HUN","BCI","AMPLITUD","LTRENDIDX","M","2019-03",102.6433,
"HUN","BCI","AMPLITUD","LTRENDIDX","M","2019-04",102.0629,
"HUN","BCI","AMPLITUD","LTRENDIDX","M","2019-05",101.6944,
"HUN","BCI","AMPLITUD","LTRENDIDX","M","2019-06",101.3254,
"HUN","BCI","AMPLITUD","LTRENDIDX","M","2019-07",101.0623,
"HUN","BCI","AMPLITUD","LTRENDIDX","M","2019-08",100.9274,
"HUN","BCI","AMPLITUD","LTRENDIDX","M","2019-09",100.7581,
"HUN","BCI","AMPLITUD","LTRENDIDX","M","2019-10",100.8772,
"HUN","BCI","AMPLITUD","LTRENDIDX","M","2019-11",100.9981,
"HUN","BCI","AMPLITUD","LTRENDIDX","M","2019-12",100.6409,
"HUN","BCI","AMPLITUD","LTRENDIDX","M","2020-01",100.2125,
"HUN","BCI","AMPLITUD","LTRENDIDX","M","2020-02",99.62706,
"HUN","BCI","AMPLITUD","LTRENDIDX","M","2020-03",98.37054,
"HUN","BCI","AMPLITUD","LTRENDIDX","M","2020-04",96.60006,
"HUN","BCI","AMPLITUD","LTRENDIDX","M","2020-05",95.77913,
"HUN","BCI","AMPLITUD","LTRENDIDX","M","2020-06",95.9897,
"HUN","BCI","AMPLITUD","LTRENDIDX","M","2020-07",96.43161,
"HUN","BCI","AMPLITUD","LTRENDIDX","M","2020-08",96.841,
"HUN","BCI","AMPLITUD","LTRENDIDX","M","2020-09",97.24133,
"HUN","BCI","AMPLITUD","LTRENDIDX","M","2020-10",97.74829,
"LUX","BCI","AMPLITUD","LTRENDIDX","M","2008-01",101.9189,
"LUX","BCI","AMPLITUD","LTRENDIDX","M","2008-02",101.647,
"LUX","BCI","AMPLITUD","LTRENDIDX","M","2008-03",101.5833,
"LUX","BCI","AMPLITUD","LTRENDIDX","M","2008-04",101.6241,
"LUX","BCI","AMPLITUD","LTRENDIDX","M","2008-05",101.4365,
"LUX","BCI","AMPLITUD","LTRENDIDX","M","2008-06",100.8953,
"LUX","BCI","AMPLITUD","LTRENDIDX","M","2008-07",100.359,
"LUX","BCI","AMPLITUD","LTRENDIDX","M","2008-08",99.85181,
"LUX","BCI","AMPLITUD","LTRENDIDX","M","2008-09",99.08411,
"LUX","BCI","AMPLITUD","LTRENDIDX","M","2008-10",97.94714,
"LUX","BCI","AMPLITUD","LTRENDIDX","M","2008-11",96.68929,
"LUX","BCI","AMPLITUD","LTRENDIDX","M","2008-12",95.90807,
"LUX","BCI","AMPLITUD","LTRENDIDX","M","2009-01",95.50535,
"LUX","BCI","AMPLITUD","LTRENDIDX","M","2009-02",95.19175,
"LUX","BCI","AMPLITUD","LTRENDIDX","M","2009-03",95.07812,
"LUX","BCI","AMPLITUD","LTRENDIDX","M","2009-04",95.18383,
"LUX","BCI","AMPLITUD","LTRENDIDX","M","2009-05",95.41202,
"LUX","BCI","AMPLITUD","LTRENDIDX","M","2009-06",95.78362,
"LUX","BCI","AMPLITUD","LTRENDIDX","M","2009-07",96.33494,
"LUX","BCI","AMPLITUD","LTRENDIDX","M","2009-08",96.97262,
"LUX","BCI","AMPLITUD","LTRENDIDX","M","2009-09",97.65206,
"LUX","BCI","AMPLITUD","LTRENDIDX","M","2009-10",98.43177,
"LUX","BCI","AMPLITUD","LTRENDIDX","M","2009-11",98.7688,
"LUX","BCI","AMPLITUD","LTRENDIDX","M","2009-12",98.92832,
"LUX","BCI","AMPLITUD","LTRENDIDX","M","2010-01",99.01757,
"LUX","BCI","AMPLITUD","LTRENDIDX","M","2010-02",99.63153,
"LUX","BCI","AMPLITUD","LTRENDIDX","M","2010-03",100.3293,
"LUX","BCI","AMPLITUD","LTRENDIDX","M","2010-04",100.7565,
"LUX","BCI","AMPLITUD","LTRENDIDX","M","2010-05",100.4886,
"LUX","BCI","AMPLITUD","LTRENDIDX","M","2010-06",99.72362,
"LUX","BCI","AMPLITUD","LTRENDIDX","M","2010-07",98.93333,
"LUX","BCI","AMPLITUD","LTRENDIDX","M","2010-08",98.23171,
"LUX","BCI","AMPLITUD","LTRENDIDX","M","2010-09",98.10221,
"LUX","BCI","AMPLITUD","LTRENDIDX","M","2010-10",98.66502,
"LUX","BCI","AMPLITUD","LTRENDIDX","M","2010-11",99.50458,
"LUX","BCI","AMPLITUD","LTRENDIDX","M","2010-12",100.2896,
"LUX","BCI","AMPLITUD","LTRENDIDX","M","2011-01",100.965,
"LUX","BCI","AMPLITUD","LTRENDIDX","M","2011-02",101.521,
"LUX","BCI","AMPLITUD","LTRENDIDX","M","2011-03",101.4432,
"LUX","BCI","AMPLITUD","LTRENDIDX","M","2011-04",100.9432,
"LUX","BCI","AMPLITUD","LTRENDIDX","M","2011-05",100.3447,
"LUX","BCI","AMPLITUD","LTRENDIDX","M","2011-06",100.3315,
"LUX","BCI","AMPLITUD","LTRENDIDX","M","2011-07",100.5331,
"LUX","BCI","AMPLITUD","LTRENDIDX","M","2011-08",100.7581,
"LUX","BCI","AMPLITUD","LTRENDIDX","M","2011-09",100.5539,
"LUX","BCI","AMPLITUD","LTRENDIDX","M","2011-10",100.1642,
"LUX","BCI","AMPLITUD","LTRENDIDX","M","2011-11",99.7643,
"LUX","BCI","AMPLITUD","LTRENDIDX","M","2011-12",99.48605,
"LUX","BCI","AMPLITUD","LTRENDIDX","M","2012-01",99.31445,
"LUX","BCI","AMPLITUD","LTRENDIDX","M","2012-02",98.96316,
"LUX","BCI","AMPLITUD","LTRENDIDX","M","2012-03",98.57466,
"LUX","BCI","AMPLITUD","LTRENDIDX","M","2012-04",97.81328,
"LUX","BCI","AMPLITUD","LTRENDIDX","M","2012-05",97.36088,
"LUX","BCI","AMPLITUD","LTRENDIDX","M","2012-06",97.52673,
"LUX","BCI","AMPLITUD","LTRENDIDX","M","2012-07",97.6429,
"LUX","BCI","AMPLITUD","LTRENDIDX","M","2012-08",97.66,
"LUX","BCI","AMPLITUD","LTRENDIDX","M","2012-09",97.51509,
"LUX","BCI","AMPLITUD","LTRENDIDX","M","2012-10",97.02657,
"LUX","BCI","AMPLITUD","LTRENDIDX","M","2012-11",96.69329,
"LUX","BCI","AMPLITUD","LTRENDIDX","M","2012-12",96.29578,
"LUX","BCI","AMPLITUD","LTRENDIDX","M","2013-01",96.04734,
"LUX","BCI","AMPLITUD","LTRENDIDX","M","2013-02",95.78365,
"LUX","BCI","AMPLITUD","LTRENDIDX","M","2013-03",95.7019,
"LUX","BCI","AMPLITUD","LTRENDIDX","M","2013-04",95.97023,
"LUX","BCI","AMPLITUD","LTRENDIDX","M","2013-05",96.48232,
"LUX","BCI","AMPLITUD","LTRENDIDX","M","2013-06",96.85328,
"LUX","BCI","AMPLITUD","LTRENDIDX","M","2013-07",97.01483,
"LUX","BCI","AMPLITUD","LTRENDIDX","M","2013-08",97.17149,
"LUX","BCI","AMPLITUD","LTRENDIDX","M","2013-09",97.48799,
"LUX","BCI","AMPLITUD","LTRENDIDX","M","2013-10",97.70622,
"LUX","BCI","AMPLITUD","LTRENDIDX","M","2013-11",97.87301,
"LUX","BCI","AMPLITUD","LTRENDIDX","M","2013-12",97.8325,
"LUX","BCI","AMPLITUD","LTRENDIDX","M","2014-01",97.76399,
"LUX","BCI","AMPLITUD","LTRENDIDX","M","2014-02",97.84502,
"LUX","BCI","AMPLITUD","LTRENDIDX","M","2014-03",98.01781,
"LUX","BCI","AMPLITUD","LTRENDIDX","M","2014-04",98.28578,
"LUX","BCI","AMPLITUD","LTRENDIDX","M","2014-05",98.46519,
"LUX","BCI","AMPLITUD","LTRENDIDX","M","2014-06",98.3073,
"LUX","BCI","AMPLITUD","LTRENDIDX","M","2014-07",98.14939,
"LUX","BCI","AMPLITUD","LTRENDIDX","M","2014-08",97.99051,
"LUX","BCI","AMPLITUD","LTRENDIDX","M","2014-09",97.91366,
"LUX","BCI","AMPLITUD","LTRENDIDX","M","2014-10",97.98045,
"LUX","BCI","AMPLITUD","LTRENDIDX","M","2014-11",98.14432,
"LUX","BCI","AMPLITUD","LTRENDIDX","M","2014-12",98.29707,
"LUX","BCI","AMPLITUD","LTRENDIDX","M","2015-01",98.30628,
"LUX","BCI","AMPLITUD","LTRENDIDX","M","2015-02",98.07645,
"LUX","BCI","AMPLITUD","LTRENDIDX","M","2015-03",97.94241,
"LUX","BCI","AMPLITUD","LTRENDIDX","M","2015-04",98.01843,
"LUX","BCI","AMPLITUD","LTRENDIDX","M","2015-05",98.21898,
"LUX","BCI","AMPLITUD","LTRENDIDX","M","2015-06",98.25819,
"LUX","BCI","AMPLITUD","LTRENDIDX","M","2015-07",98.25465,
"LUX","BCI","AMPLITUD","LTRENDIDX","M","2015-08",98.30204,
"LUX","BCI","AMPLITUD","LTRENDIDX","M","2015-09",98.34695,
"LUX","BCI","AMPLITUD","LTRENDIDX","M","2015-10",98.36792,
"LUX","BCI","AMPLITUD","LTRENDIDX","M","2015-11",98.39343,
"LUX","BCI","AMPLITUD","LTRENDIDX","M","2015-12",98.41804,
"LUX","BCI","AMPLITUD","LTRENDIDX","M","2016-01",98.51528,
"LUX","BCI","AMPLITUD","LTRENDIDX","M","2016-02",98.86339,
"LUX","BCI","AMPLITUD","LTRENDIDX","M","2016-03",99.63548,
"LUX","BCI","AMPLITUD","LTRENDIDX","M","2016-04",100.4249,
"LUX","BCI","AMPLITUD","LTRENDIDX","M","2016-05",100.6434,
"LUX","BCI","AMPLITUD","LTRENDIDX","M","2016-06",100.4807,
"LUX","BCI","AMPLITUD","LTRENDIDX","M","2016-07",100.0189,
"LUX","BCI","AMPLITUD","LTRENDIDX","M","2016-08",99.81065,
"LUX","BCI","AMPLITUD","LTRENDIDX","M","2016-09",99.7933,
"LUX","BCI","AMPLITUD","LTRENDIDX","M","2016-10",99.98766,
"LUX","BCI","AMPLITUD","LTRENDIDX","M","2016-11",100.2639,
"LUX","BCI","AMPLITUD","LTRENDIDX","M","2016-12",100.6881,
"LUX","BCI","AMPLITUD","LTRENDIDX","M","2017-01",101.1455,
"LUX","BCI","AMPLITUD","LTRENDIDX","M","2017-02",101.2054,
"LUX","BCI","AMPLITUD","LTRENDIDX","M","2017-03",101.2119,
"LUX","BCI","AMPLITUD","LTRENDIDX","M","2017-04",101.2295,
"LUX","BCI","AMPLITUD","LTRENDIDX","M","2017-05",101.276,
"LUX","BCI","AMPLITUD","LTRENDIDX","M","2017-06",101.4431,
"LUX","BCI","AMPLITUD","LTRENDIDX","M","2017-07",101.6615,
"LUX","BCI","AMPLITUD","LTRENDIDX","M","2017-08",101.785,
"LUX","BCI","AMPLITUD","LTRENDIDX","M","2017-09",101.6488,
"LUX","BCI","AMPLITUD","LTRENDIDX","M","2017-10",101.5382,
"LUX","BCI","AMPLITUD","LTRENDIDX","M","2017-11",101.418,
"LUX","BCI","AMPLITUD","LTRENDIDX","M","2017-12",101.3707,
"LUX","BCI","AMPLITUD","LTRENDIDX","M","2018-01",101.2132,
"LUX","BCI","AMPLITUD","LTRENDIDX","M","2018-02",101.0225,
"LUX","BCI","AMPLITUD","LTRENDIDX","M","2018-03",100.8527,
"LUX","BCI","AMPLITUD","LTRENDIDX","M","2018-04",100.7994,
"LUX","BCI","AMPLITUD","LTRENDIDX","M","2018-05",100.8558,
"LUX","BCI","AMPLITUD","LTRENDIDX","M","2018-06",100.9149,
"LUX","BCI","AMPLITUD","LTRENDIDX","M","2018-07",100.9022,
"LUX","BCI","AMPLITUD","LTRENDIDX","M","2018-08",100.7796,
"LUX","BCI","AMPLITUD","LTRENDIDX","M","2018-09",100.8471,
"LUX","BCI","AMPLITUD","LTRENDIDX","M","2018-10",100.9725,
"LUX","BCI","AMPLITUD","LTRENDIDX","M","2018-11",100.9389,
"LUX","BCI","AMPLITUD","LTRENDIDX","M","2018-12",100.7218,
"LUX","BCI","AMPLITUD","LTRENDIDX","M","2019-01",100.5485,
"LUX","BCI","AMPLITUD","LTRENDIDX","M","2019-02",100.2586,
"LUX","BCI","AMPLITUD","LTRENDIDX","M","2019-03",99.9185,
"LUX","BCI","AMPLITUD","LTRENDIDX","M","2019-04",99.54482,
"LUX","BCI","AMPLITUD","LTRENDIDX","M","2019-05",99.36887,
"LUX","BCI","AMPLITUD","LTRENDIDX","M","2019-06",99.3423,
"LUX","BCI","AMPLITUD","LTRENDIDX","M","2019-07",99.36332,
"LUX","BCI","AMPLITUD","LTRENDIDX","M","2019-08",99.26553,
"LUX","BCI","AMPLITUD","LTRENDIDX","M","2019-09",99.0108,
"LUX","BCI","AMPLITUD","LTRENDIDX","M","2019-10",98.93803,
"LUX","BCI","AMPLITUD","LTRENDIDX","M","2019-11",99.0239,
"LUX","BCI","AMPLITUD","LTRENDIDX","M","2019-12",99.13178,
"LUX","BCI","AMPLITUD","LTRENDIDX","M","2020-01",98.9636,
"LUX","BCI","AMPLITUD","LTRENDIDX","M","2020-02",98.7195,
"LUX","BCI","AMPLITUD","LTRENDIDX","M","2020-03",98.03294,
"LUX","BCI","AMPLITUD","LTRENDIDX","M","2020-04",97.13329,
"LUX","BCI","AMPLITUD","LTRENDIDX","M","2020-05",97.34372,
"LUX","BCI","AMPLITUD","LTRENDIDX","M","2020-06",98.01725,
"LUX","BCI","AMPLITUD","LTRENDIDX","M","2020-07",98.931,
"LUX","BCI","AMPLITUD","LTRENDIDX","M","2020-08",99.54969,
"LUX","BCI","AMPLITUD","LTRENDIDX","M","2020-09",99.88607,
"LUX","BCI","AMPLITUD","LTRENDIDX","M","2020-10",100.461,
"NOR","BCI","AMPLITUD","LTRENDIDX","M","2008-01",100.7522,
"NOR","BCI","AMPLITUD","LTRENDIDX","M","2008-02",100.6975,
"NOR","BCI","AMPLITUD","LTRENDIDX","M","2008-03",100.5608,
"NOR","BCI","AMPLITUD","LTRENDIDX","M","2008-04",100.2855,
"NOR","BCI","AMPLITUD","LTRENDIDX","M","2008-05",99.93507,
"NOR","BCI","AMPLITUD","LTRENDIDX","M","2008-06",99.57526,
"NOR","BCI","AMPLITUD","LTRENDIDX","M","2008-07",99.23075,
"NOR","BCI","AMPLITUD","LTRENDIDX","M","2008-08",98.85159,
"NOR","BCI","AMPLITUD","LTRENDIDX","M","2008-09",98.34583,
"NOR","BCI","AMPLITUD","LTRENDIDX","M","2008-10",97.64689,
"NOR","BCI","AMPLITUD","LTRENDIDX","M","2008-11",96.90747,
"NOR","BCI","AMPLITUD","LTRENDIDX","M","2008-12",96.35807,
"NOR","BCI","AMPLITUD","LTRENDIDX","M","2009-01",96.20595,
"NOR","BCI","AMPLITUD","LTRENDIDX","M","2009-02",96.34409,
"NOR","BCI","AMPLITUD","LTRENDIDX","M","2009-03",96.6852,
"NOR","BCI","AMPLITUD","LTRENDIDX","M","2009-04",97.2054,
"NOR","BCI","AMPLITUD","LTRENDIDX","M","2009-05",97.785,
"NOR","BCI","AMPLITUD","LTRENDIDX","M","2009-06",98.30317,
"NOR","BCI","AMPLITUD","LTRENDIDX","M","2009-07",98.67331,
"NOR","BCI","AMPLITUD","LTRENDIDX","M","2009-08",98.93974,
"NOR","BCI","AMPLITUD","LTRENDIDX","M","2009-09",99.14751,
"NOR","BCI","AMPLITUD","LTRENDIDX","M","2009-10",99.31587,
"NOR","BCI","AMPLITUD","LTRENDIDX","M","2009-11",99.47034,
"NOR","BCI","AMPLITUD","LTRENDIDX","M","2009-12",99.62703,
"NOR","BCI","AMPLITUD","LTRENDIDX","M","2010-01",99.79063,
"NOR","BCI","AMPLITUD","LTRENDIDX","M","2010-02",99.95041,
"NOR","BCI","AMPLITUD","LTRENDIDX","M","2010-03",100.0881,
"NOR","BCI","AMPLITUD","LTRENDIDX","M","2010-04",100.1898,
"NOR","BCI","AMPLITUD","LTRENDIDX","M","2010-05",100.2796,
"NOR","BCI","AMPLITUD","LTRENDIDX","M","2010-06",100.3914,
"NOR","BCI","AMPLITUD","LTRENDIDX","M","2010-07",100.5514,
"NOR","BCI","AMPLITUD","LTRENDIDX","M","2010-08",100.7396,
"NOR","BCI","AMPLITUD","LTRENDIDX","M","2010-09",100.9281,
"NOR","BCI","AMPLITUD","LTRENDIDX","M","2010-10",101.091,
"NOR","BCI","AMPLITUD","LTRENDIDX","M","2010-11",101.2145,
"NOR","BCI","AMPLITUD","LTRENDIDX","M","2010-12",101.2704,
"NOR","BCI","AMPLITUD","LTRENDIDX","M","2011-01",101.2293,
"NOR","BCI","AMPLITUD","LTRENDIDX","M","2011-02",101.1414,
"NOR","BCI","AMPLITUD","LTRENDIDX","M","2011-03",101.0613,
"NOR","BCI","AMPLITUD","LTRENDIDX","M","2011-04",101.0201,
"NOR","BCI","AMPLITUD","LTRENDIDX","M","2011-05",100.9894,
"NOR","BCI","AMPLITUD","LTRENDIDX","M","2011-06",100.922,
"NOR","BCI","AMPLITUD","LTRENDIDX","M","2011-07",100.7833,
"NOR","BCI","AMPLITUD","LTRENDIDX","M","2011-08",100.6182,
"NOR","BCI","AMPLITUD","LTRENDIDX","M","2011-09",100.493,
"NOR","BCI","AMPLITUD","LTRENDIDX","M","2011-10",100.4643,
"NOR","BCI","AMPLITUD","LTRENDIDX","M","2011-11",100.507,
"NOR","BCI","AMPLITUD","LTRENDIDX","M","2011-12",100.5965,
"NOR","BCI","AMPLITUD","LTRENDIDX","M","2012-01",100.7193,
"NOR","BCI","AMPLITUD","LTRENDIDX","M","2012-02",100.8374,
"NOR","BCI","AMPLITUD","LTRENDIDX","M","2012-03",100.8983,
"NOR","BCI","AMPLITUD","LTRENDIDX","M","2012-04",100.8514,
"NOR","BCI","AMPLITUD","LTRENDIDX","M","2012-05",100.7197,
"NOR","BCI","AMPLITUD","LTRENDIDX","M","2012-06",100.5183,
"NOR","BCI","AMPLITUD","LTRENDIDX","M","2012-07",100.2555,
"NOR","BCI","AMPLITUD","LTRENDIDX","M","2012-08",100.0058,
"NOR","BCI","AMPLITUD","LTRENDIDX","M","2012-09",99.87144,
"NOR","BCI","AMPLITUD","LTRENDIDX","M","2012-10",99.93194,
"NOR","BCI","AMPLITUD","LTRENDIDX","M","2012-11",100.0778,
"NOR","BCI","AMPLITUD","LTRENDIDX","M","2012-12",100.1682,
"NOR","BCI","AMPLITUD","LTRENDIDX","M","2013-01",100.104,
"NOR","BCI","AMPLITUD","LTRENDIDX","M","2013-02",99.95495,
"NOR","BCI","AMPLITUD","LTRENDIDX","M","2013-03",99.82154,
"NOR","BCI","AMPLITUD","LTRENDIDX","M","2013-04",99.78084,
"NOR","BCI","AMPLITUD","LTRENDIDX","M","2013-05",99.81705,
"NOR","BCI","AMPLITUD","LTRENDIDX","M","2013-06",99.91308,
"NOR","BCI","AMPLITUD","LTRENDIDX","M","2013-07",100.0652,
"NOR","BCI","AMPLITUD","LTRENDIDX","M","2013-08",100.2379,
"NOR","BCI","AMPLITUD","LTRENDIDX","M","2013-09",100.3944,
"NOR","BCI","AMPLITUD","LTRENDIDX","M","2013-10",100.5074,
"NOR","BCI","AMPLITUD","LTRENDIDX","M","2013-11",100.5849,
"NOR","BCI","AMPLITUD","LTRENDIDX","M","2013-12",100.6313,
"NOR","BCI","AMPLITUD","LTRENDIDX","M","2014-01",100.644,
"NOR","BCI","AMPLITUD","LTRENDIDX","M","2014-02",100.6411,
"NOR","BCI","AMPLITUD","LTRENDIDX","M","2014-03",100.6358,
"NOR","BCI","AMPLITUD","LTRENDIDX","M","2014-04",100.628,
"NOR","BCI","AMPLITUD","LTRENDIDX","M","2014-05",100.596,
"NOR","BCI","AMPLITUD","LTRENDIDX","M","2014-06",100.4971,
"NOR","BCI","AMPLITUD","LTRENDIDX","M","2014-07",100.2909,
"NOR","BCI","AMPLITUD","LTRENDIDX","M","2014-08",100.03,
"NOR","BCI","AMPLITUD","LTRENDIDX","M","2014-09",99.77709,
"NOR","BCI","AMPLITUD","LTRENDIDX","M","2014-10",99.57659,
"NOR","BCI","AMPLITUD","LTRENDIDX","M","2014-11",99.41833,
"NOR","BCI","AMPLITUD","LTRENDIDX","M","2014-12",99.28912,
"NOR","BCI","AMPLITUD","LTRENDIDX","M","2015-01",99.18195,
"NOR","BCI","AMPLITUD","LTRENDIDX","M","2015-02",99.07632,
"NOR","BCI","AMPLITUD","LTRENDIDX","M","2015-03",98.95028,
"NOR","BCI","AMPLITUD","LTRENDIDX","M","2015-04",98.79111,
"NOR","BCI","AMPLITUD","LTRENDIDX","M","2015-05",98.62627,
"NOR","BCI","AMPLITUD","LTRENDIDX","M","2015-06",98.49714,
"NOR","BCI","AMPLITUD","LTRENDIDX","M","2015-07",98.43835,
"NOR","BCI","AMPLITUD","LTRENDIDX","M","2015-08",98.42159,
"NOR","BCI","AMPLITUD","LTRENDIDX","M","2015-09",98.41525,
"NOR","BCI","AMPLITUD","LTRENDIDX","M","2015-10",98.40237,
"NOR","BCI","AMPLITUD","LTRENDIDX","M","2015-11",98.38792,
"NOR","BCI","AMPLITUD","LTRENDIDX","M","2015-12",98.38959,
"NOR","BCI","AMPLITUD","LTRENDIDX","M","2016-01",98.43019,
"NOR","BCI","AMPLITUD","LTRENDIDX","M","2016-02",98.51388,
"NOR","BCI","AMPLITUD","LTRENDIDX","M","2016-03",98.65489,
"NOR","BCI","AMPLITUD","LTRENDIDX","M","2016-04",98.86322,
"NOR","BCI","AMPLITUD","LTRENDIDX","M","2016-05",99.07295,
"NOR","BCI","AMPLITUD","LTRENDIDX","M","2016-06",99.19234,
"NOR","BCI","AMPLITUD","LTRENDIDX","M","2016-07",99.15248,
"NOR","BCI","AMPLITUD","LTRENDIDX","M","2016-08",99.0463,
"NOR","BCI","AMPLITUD","LTRENDIDX","M","2016-09",98.99837,
"NOR","BCI","AMPLITUD","LTRENDIDX","M","2016-10",99.10113,
"NOR","BCI","AMPLITUD","LTRENDIDX","M","2016-11",99.29264,
"NOR","BCI","AMPLITUD","LTRENDIDX","M","2016-12",99.4918,
"NOR","BCI","AMPLITUD","LTRENDIDX","M","2017-01",99.64458,
"NOR","BCI","AMPLITUD","LTRENDIDX","M","2017-02",99.76279,
"NOR","BCI","AMPLITUD","LTRENDIDX","M","2017-03",99.86839,
"NOR","BCI","AMPLITUD","LTRENDIDX","M","2017-04",99.97229,
"NOR","BCI","AMPLITUD","LTRENDIDX","M","2017-05",100.0659,
"NOR","BCI","AMPLITUD","LTRENDIDX","M","2017-06",100.1278,
"NOR","BCI","AMPLITUD","LTRENDIDX","M","2017-07",100.1403,
"NOR","BCI","AMPLITUD","LTRENDIDX","M","2017-08",100.1381,
"NOR","BCI","AMPLITUD","LTRENDIDX","M","2017-09",100.1687,
"NOR","BCI","AMPLITUD","LTRENDIDX","M","2017-10",100.2674,
"NOR","BCI","AMPLITUD","LTRENDIDX","M","2017-11",100.399,
"NOR","BCI","AMPLITUD","LTRENDIDX","M","2017-12",100.5172,
"NOR","BCI","AMPLITUD","LTRENDIDX","M","2018-01",100.5891,
"NOR","BCI","AMPLITUD","LTRENDIDX","M","2018-02",100.6351,
"NOR","BCI","AMPLITUD","LTRENDIDX","M","2018-03",100.6839,
"NOR","BCI","AMPLITUD","LTRENDIDX","M","2018-04",100.7534,
"NOR","BCI","AMPLITUD","LTRENDIDX","M","2018-05",100.8297,
"NOR","BCI","AMPLITUD","LTRENDIDX","M","2018-06",100.888,
"NOR","BCI","AMPLITUD","LTRENDIDX","M","2018-07",100.9076,
"NOR","BCI","AMPLITUD","LTRENDIDX","M","2018-08",100.9044,
"NOR","BCI","AMPLITUD","LTRENDIDX","M","2018-09",100.8962,
"NOR","BCI","AMPLITUD","LTRENDIDX","M","2018-10",100.8915,
"NOR","BCI","AMPLITUD","LTRENDIDX","M","2018-11",100.8823,
"NOR","BCI","AMPLITUD","LTRENDIDX","M","2018-12",100.8512,
"NOR","BCI","AMPLITUD","LTRENDIDX","M","2019-01",100.7827,
"NOR","BCI","AMPLITUD","LTRENDIDX","M","2019-02",100.6959,
"NOR","BCI","AMPLITUD","LTRENDIDX","M","2019-03",100.6133,
"NOR","BCI","AMPLITUD","LTRENDIDX","M","2019-04",100.5472,
"NOR","BCI","AMPLITUD","LTRENDIDX","M","2019-05",100.4821,
"NOR","BCI","AMPLITUD","LTRENDIDX","M","2019-06",100.3921,
"NOR","BCI","AMPLITUD","LTRENDIDX","M","2019-07",100.2571,
"NOR","BCI","AMPLITUD","LTRENDIDX","M","2019-08",100.1041,
"NOR","BCI","AMPLITUD","LTRENDIDX","M","2019-09",99.95995,
"NOR","BCI","AMPLITUD","LTRENDIDX","M","2019-10",99.82146,
"NOR","BCI","AMPLITUD","LTRENDIDX","M","2019-11",99.61777,
"NOR","BCI","AMPLITUD","LTRENDIDX","M","2019-12",99.22678,
"NOR","BCI","AMPLITUD","LTRENDIDX","M","2020-01",98.55712,
"NOR","BCI","AMPLITUD","LTRENDIDX","M","2020-02",97.8175,
"NOR","BCI","AMPLITUD","LTRENDIDX","M","2020-03",97.30522,
"NOR","BCI","AMPLITUD","LTRENDIDX","M","2020-04",97.26486,
"NOR","BCI","AMPLITUD","LTRENDIDX","M","2020-05",97.51948,
"NOR","BCI","AMPLITUD","LTRENDIDX","M","2020-06",97.87525,
"IDN","BCI","AMPLITUD","LTRENDIDX","M","2008-01",101.0483,
"IDN","BCI","AMPLITUD","LTRENDIDX","M","2008-02",101.1428,
"IDN","BCI","AMPLITUD","LTRENDIDX","M","2008-03",101.2689,
"IDN","BCI","AMPLITUD","LTRENDIDX","M","2008-04",101.4165,
"IDN","BCI","AMPLITUD","LTRENDIDX","M","2008-05",101.5613,
"IDN","BCI","AMPLITUD","LTRENDIDX","M","2008-06",101.6612,
"IDN","BCI","AMPLITUD","LTRENDIDX","M","2008-07",101.6566,
"IDN","BCI","AMPLITUD","LTRENDIDX","M","2008-08",101.5151,
"IDN","BCI","AMPLITUD","LTRENDIDX","M","2008-09",101.1528,
"IDN","BCI","AMPLITUD","LTRENDIDX","M","2008-10",100.4923,
"IDN","BCI","AMPLITUD","LTRENDIDX","M","2008-11",99.742,
"IDN","BCI","AMPLITUD","LTRENDIDX","M","2008-12",99.18442,
"IDN","BCI","AMPLITUD","LTRENDIDX","M","2009-01",99.05457,
"IDN","BCI","AMPLITUD","LTRENDIDX","M","2009-02",99.22569,
"IDN","BCI","AMPLITUD","LTRENDIDX","M","2009-03",99.57404,
"IDN","BCI","AMPLITUD","LTRENDIDX","M","2009-04",100.0428,
"IDN","BCI","AMPLITUD","LTRENDIDX","M","2009-05",100.5289,
"IDN","BCI","AMPLITUD","LTRENDIDX","M","2009-06",100.9248,
"IDN","BCI","AMPLITUD","LTRENDIDX","M","2009-07",101.1434,
"IDN","BCI","AMPLITUD","LTRENDIDX","M","2009-08",101.2332,
"IDN","BCI","AMPLITUD","LTRENDIDX","M","2009-09",101.2291,
"IDN","BCI","AMPLITUD","LTRENDIDX","M","2009-10",101.1326,
"IDN","BCI","AMPLITUD","LTRENDIDX","M","2009-11",100.986,
"IDN","BCI","AMPLITUD","LTRENDIDX","M","2009-12",100.8214,
"IDN","BCI","AMPLITUD","LTRENDIDX","M","2010-01",100.6605,
"IDN","BCI","AMPLITUD","LTRENDIDX","M","2010-02",100.5318,
"IDN","BCI","AMPLITUD","LTRENDIDX","M","2010-03",100.4776,
"IDN","BCI","AMPLITUD","LTRENDIDX","M","2010-04",100.5292,
"IDN","BCI","AMPLITUD","LTRENDIDX","M","2010-05",100.6065,
"IDN","BCI","AMPLITUD","LTRENDIDX","M","2010-06",100.6018,
"IDN","BCI","AMPLITUD","LTRENDIDX","M","2010-07",100.437,
"IDN","BCI","AMPLITUD","LTRENDIDX","M","2010-08",100.2031,
"IDN","BCI","AMPLITUD","LTRENDIDX","M","2010-09",100.0247,
"IDN","BCI","AMPLITUD","LTRENDIDX","M","2010-10",99.99303,
"IDN","BCI","AMPLITUD","LTRENDIDX","M","2010-11",100.0439,
"IDN","BCI","AMPLITUD","LTRENDIDX","M","2010-12",100.0961,
"IDN","BCI","AMPLITUD","LTRENDIDX","M","2011-01",100.1069,
"IDN","BCI","AMPLITUD","LTRENDIDX","M","2011-02",100.1272,
"IDN","BCI","AMPLITUD","LTRENDIDX","M","2011-03",100.2456,
"IDN","BCI","AMPLITUD","LTRENDIDX","M","2011-04",100.5244,
"IDN","BCI","AMPLITUD","LTRENDIDX","M","2011-05",100.8363,
"IDN","BCI","AMPLITUD","LTRENDIDX","M","2011-06",100.9945,
"IDN","BCI","AMPLITUD","LTRENDIDX","M","2011-07",100.8492,
"IDN","BCI","AMPLITUD","LTRENDIDX","M","2011-08",100.5375,
"IDN","BCI","AMPLITUD","LTRENDIDX","M","2011-09",100.2346,
"IDN","BCI","AMPLITUD","LTRENDIDX","M","2011-10",100.0693,
"IDN","BCI","AMPLITUD","LTRENDIDX","M","2011-11",100.0325,
"IDN","BCI","AMPLITUD","LTRENDIDX","M","2011-12",100.1154,
"IDN","BCI","AMPLITUD","LTRENDIDX","M","2012-01",100.3198,
"IDN","BCI","AMPLITUD","LTRENDIDX","M","2012-02",100.5486,
"IDN","BCI","AMPLITUD","LTRENDIDX","M","2012-03",100.682,
"IDN","BCI","AMPLITUD","LTRENDIDX","M","2012-04",100.6303,
"IDN","BCI","AMPLITUD","LTRENDIDX","M","2012-05",100.4809,
"IDN","BCI","AMPLITUD","LTRENDIDX","M","2012-06",100.3415,
"IDN","BCI","AMPLITUD","LTRENDIDX","M","2012-07",100.2817,
"IDN","BCI","AMPLITUD","LTRENDIDX","M","2012-08",100.263,
"IDN","BCI","AMPLITUD","LTRENDIDX","M","2012-09",100.2262,
"IDN","BCI","AMPLITUD","LTRENDIDX","M","2012-10",100.1372,
"IDN","BCI","AMPLITUD","LTRENDIDX","M","2012-11",100.0504,
"IDN","BCI","AMPLITUD","LTRENDIDX","M","2012-12",100.052,
"IDN","BCI","AMPLITUD","LTRENDIDX","M","2013-01",100.2005,
"IDN","BCI","AMPLITUD","LTRENDIDX","M","2013-02",100.3794,
"IDN","BCI","AMPLITUD","LTRENDIDX","M","2013-03",100.4226,
"IDN","BCI","AMPLITUD","LTRENDIDX","M","2013-04",100.2108,
"IDN","BCI","AMPLITUD","LTRENDIDX","M","2013-05",99.90232,
"IDN","BCI","AMPLITUD","LTRENDIDX","M","2013-06",99.71901,
"IDN","BCI","AMPLITUD","LTRENDIDX","M","2013-07",99.82845,
"IDN","BCI","AMPLITUD","LTRENDIDX","M","2013-08",100.1011,
"IDN","BCI","AMPLITUD","LTRENDIDX","M","2013-09",100.3644,
"IDN","BCI","AMPLITUD","LTRENDIDX","M","2013-10",100.4932,
"IDN","BCI","AMPLITUD","LTRENDIDX","M","2013-11",100.51,
"IDN","BCI","AMPLITUD","LTRENDIDX","M","2013-12",100.4476,
"IDN","BCI","AMPLITUD","LTRENDIDX","M","2014-01",100.3238,
"IDN","BCI","AMPLITUD","LTRENDIDX","M","2014-02",100.1947,
"IDN","BCI","AMPLITUD","LTRENDIDX","M","2014-03",100.1252,
"IDN","BCI","AMPLITUD","LTRENDIDX","M","2014-04",100.1633,
"IDN","BCI","AMPLITUD","LTRENDIDX","M","2014-05",100.2563,
"IDN","BCI","AMPLITUD","LTRENDIDX","M","2014-06",100.3346,
"IDN","BCI","AMPLITUD","LTRENDIDX","M","2014-07",100.3418,
"IDN","BCI","AMPLITUD","LTRENDIDX","M","2014-08",100.2781,
"IDN","BCI","AMPLITUD","LTRENDIDX","M","2014-09",100.1349,
"IDN","BCI","AMPLITUD","LTRENDIDX","M","2014-10",99.89891,
"IDN","BCI","AMPLITUD","LTRENDIDX","M","2014-11",99.63664,
"IDN","BCI","AMPLITUD","LTRENDIDX","M","2014-12",99.43188,
"IDN","BCI","AMPLITUD","LTRENDIDX","M","2015-01",99.35003,
"IDN","BCI","AMPLITUD","LTRENDIDX","M","2015-02",99.34456,
"IDN","BCI","AMPLITUD","LTRENDIDX","M","2015-03",99.3588,
"IDN","BCI","AMPLITUD","LTRENDIDX","M","2015-04",99.35118,
"IDN","BCI","AMPLITUD","LTRENDIDX","M","2015-05",99.3009,
"IDN","BCI","AMPLITUD","LTRENDIDX","M","2015-06",99.18008,
"IDN","BCI","AMPLITUD","LTRENDIDX","M","2015-07",98.96875,
"IDN","BCI","AMPLITUD","LTRENDIDX","M","2015-08",98.7402,
"IDN","BCI","AMPLITUD","LTRENDIDX","M","2015-09",98.599,
"IDN","BCI","AMPLITUD","LTRENDIDX","M","2015-10",98.63607,
"IDN","BCI","AMPLITUD","LTRENDIDX","M","2015-11",98.79655,
"IDN","BCI","AMPLITUD","LTRENDIDX","M","2015-12",99.02758,
"IDN","BCI","AMPLITUD","LTRENDIDX","M","2016-01",99.30267,
"IDN","BCI","AMPLITUD","LTRENDIDX","M","2016-02",99.57561,
"IDN","BCI","AMPLITUD","LTRENDIDX","M","2016-03",99.78742,
"IDN","BCI","AMPLITUD","LTRENDIDX","M","2016-04",99.87564,
"IDN","BCI","AMPLITUD","LTRENDIDX","M","2016-05",99.84457,
"IDN","BCI","AMPLITUD","LTRENDIDX","M","2016-06",99.67561,
"IDN","BCI","AMPLITUD","LTRENDIDX","M","2016-07",99.3568,
"IDN","BCI","AMPLITUD","LTRENDIDX","M","2016-08",99.05037,
"IDN","BCI","AMPLITUD","LTRENDIDX","M","2016-09",98.99124,
"IDN","BCI","AMPLITUD","LTRENDIDX","M","2016-10",99.37326,
"IDN","BCI","AMPLITUD","LTRENDIDX","M","2016-11",99.98803,
"IDN","BCI","AMPLITUD","LTRENDIDX","M","2016-12",100.5794,
"IDN","BCI","AMPLITUD","LTRENDIDX","M","2017-01",100.9649,
"IDN","BCI","AMPLITUD","LTRENDIDX","M","2017-02",101.1812,
"IDN","BCI","AMPLITUD","LTRENDIDX","M","2017-03",101.2794,
"IDN","BCI","AMPLITUD","LTRENDIDX","M","2017-04",101.29,
"IDN","BCI","AMPLITUD","LTRENDIDX","M","2017-05",101.3064,
"IDN","BCI","AMPLITUD","LTRENDIDX","M","2017-06",101.4359,
"IDN","BCI","AMPLITUD","LTRENDIDX","M","2017-07",101.7465,
"IDN","BCI","AMPLITUD","LTRENDIDX","M","2017-08",102.0997,
"IDN","BCI","AMPLITUD","LTRENDIDX","M","2017-09",102.2966,
"IDN","BCI","AMPLITUD","LTRENDIDX","M","2017-10",102.1816,
"IDN","BCI","AMPLITUD","LTRENDIDX","M","2017-11",101.9028,
"IDN","BCI","AMPLITUD","LTRENDIDX","M","2017-12",101.6432,
"IDN","BCI","AMPLITUD","LTRENDIDX","M","2018-01",101.5174,
"IDN","BCI","AMPLITUD","LTRENDIDX","M","2018-02",101.4475,
"IDN","BCI","AMPLITUD","LTRENDIDX","M","2018-03",101.2985,
"IDN","BCI","AMPLITUD","LTRENDIDX","M","2018-04",100.9584,
"IDN","BCI","AMPLITUD","LTRENDIDX","M","2018-05",100.4961,
"IDN","BCI","AMPLITUD","LTRENDIDX","M","2018-06",99.99944,
"IDN","BCI","AMPLITUD","LTRENDIDX","M","2018-07",99.53558,
"IDN","BCI","AMPLITUD","LTRENDIDX","M","2018-08",99.14509,
"IDN","BCI","AMPLITUD","LTRENDIDX","M","2018-09",98.89407,
"IDN","BCI","AMPLITUD","LTRENDIDX","M","2018-10",98.8526,
"IDN","BCI","AMPLITUD","LTRENDIDX","M","2018-11",98.93394,
"IDN","BCI","AMPLITUD","LTRENDIDX","M","2018-12",99.05356,
"IDN","BCI","AMPLITUD","LTRENDIDX","M","2019-01",99.16539,
"IDN","BCI","AMPLITUD","LTRENDIDX","M","2019-02",99.2599,
"IDN","BCI","AMPLITUD","LTRENDIDX","M","2019-03",99.33384,
"IDN","BCI","AMPLITUD","LTRENDIDX","M","2019-04",99.37738,
"IDN","BCI","AMPLITUD","LTRENDIDX","M","2019-05",99.38184,
"IDN","BCI","AMPLITUD","LTRENDIDX","M","2019-06",99.3215,
"IDN","BCI","AMPLITUD","LTRENDIDX","M","2019-07",99.17442,
"IDN","BCI","AMPLITUD","LTRENDIDX","M","2019-08",99.00822,
"IDN","BCI","AMPLITUD","LTRENDIDX","M","2019-09",98.91182,
"IDN","BCI","AMPLITUD","LTRENDIDX","M","2019-10",98.94628,
"IDN","BCI","AMPLITUD","LTRENDIDX","M","2019-11",99.02587,
"IDN","BCI","AMPLITUD","LTRENDIDX","M","2019-12",99.02302,
"IDN","BCI","AMPLITUD","LTRENDIDX","M","2020-01",98.82801,
"IDN","BCI","AMPLITUD","LTRENDIDX","M","2020-02",98.49128,
"IDN","BCI","AMPLITUD","LTRENDIDX","M","2020-03",98.06872,
"IDN","BCI","AMPLITUD","LTRENDIDX","M","2020-04",97.60877,
"IDN","BCI","AMPLITUD","LTRENDIDX","M","2020-05",97.22537,
"IDN","BCI","AMPLITUD","LTRENDIDX","M","2020-06",97.09875,
"IDN","BCI","AMPLITUD","LTRENDIDX","M","2020-07",97.39973,
"IDN","BCI","AMPLITUD","LTRENDIDX","M","2020-08",97.95723,
"IDN","BCI","AMPLITUD","LTRENDIDX","M","2020-09",98.60022,
"IND","BCI","AMPLITUD","LTRENDIDX","M","2008-01",102.8775,
"IND","BCI","AMPLITUD","LTRENDIDX","M","2008-02",103.0009,
"IND","BCI","AMPLITUD","LTRENDIDX","M","2008-03",102.8078,
"IND","BCI","AMPLITUD","LTRENDIDX","M","2008-04",102.4064,
"IND","BCI","AMPLITUD","LTRENDIDX","M","2008-05",101.9136,
"IND","BCI","AMPLITUD","LTRENDIDX","M","2008-06",101.3768,
"IND","BCI","AMPLITUD","LTRENDIDX","M","2008-07",100.789,
"IND","BCI","AMPLITUD","LTRENDIDX","M","2008-08",100.0775,
"IND","BCI","AMPLITUD","LTRENDIDX","M","2008-09",99.14522,
"IND","BCI","AMPLITUD","LTRENDIDX","M","2008-10",98.03454,
"IND","BCI","AMPLITUD","LTRENDIDX","M","2008-11",96.77589,
"IND","BCI","AMPLITUD","LTRENDIDX","M","2008-12",95.41441,
"IND","BCI","AMPLITUD","LTRENDIDX","M","2009-01",94.1846,
"IND","BCI","AMPLITUD","LTRENDIDX","M","2009-02",93.47636,
"IND","BCI","AMPLITUD","LTRENDIDX","M","2009-03",93.66933,
"IND","BCI","AMPLITUD","LTRENDIDX","M","2009-04",94.44561,
"IND","BCI","AMPLITUD","LTRENDIDX","M","2009-05",95.505,
"IND","BCI","AMPLITUD","LTRENDIDX","M","2009-06",96.69695,
"IND","BCI","AMPLITUD","LTRENDIDX","M","2009-07",97.86933,
"IND","BCI","AMPLITUD","LTRENDIDX","M","2009-08",98.87151,
"IND","BCI","AMPLITUD","LTRENDIDX","M","2009-09",99.57678,
"IND","BCI","AMPLITUD","LTRENDIDX","M","2009-10",100.0752,
"IND","BCI","AMPLITUD","LTRENDIDX","M","2009-11",100.4349,
"IND","BCI","AMPLITUD","LTRENDIDX","M","2009-12",100.6698,
"IND","BCI","AMPLITUD","LTRENDIDX","M","2010-01",100.8469,
"IND","BCI","AMPLITUD","LTRENDIDX","M","2010-02",101.0193,
"IND","BCI","AMPLITUD","LTRENDIDX","M","2010-03",101.2185,
"IND","BCI","AMPLITUD","LTRENDIDX","M","2010-04",101.4503,
"IND","BCI","AMPLITUD","LTRENDIDX","M","2010-05",101.7231,
"IND","BCI","AMPLITUD","LTRENDIDX","M","2010-06",102.0442,
"IND","BCI","AMPLITUD","LTRENDIDX","M","2010-07",102.3749,
"IND","BCI","AMPLITUD","LTRENDIDX","M","2010-08",102.6578,
"IND","BCI","AMPLITUD","LTRENDIDX","M","2010-09",102.8356,
"IND","BCI","AMPLITUD","LTRENDIDX","M","2010-10",102.9166,
"IND","BCI","AMPLITUD","LTRENDIDX","M","2010-11",102.8861,
"IND","BCI","AMPLITUD","LTRENDIDX","M","2010-12",102.7131,
"IND","BCI","AMPLITUD","LTRENDIDX","M","2011-01",102.4706,
"IND","BCI","AMPLITUD","LTRENDIDX","M","2011-02",102.23,
"IND","BCI","AMPLITUD","LTRENDIDX","M","2011-03",102.0267,
"IND","BCI","AMPLITUD","LTRENDIDX","M","2011-04",101.8232,
"IND","BCI","AMPLITUD","LTRENDIDX","M","2011-05",101.5536,
"IND","BCI","AMPLITUD","LTRENDIDX","M","2011-06",101.1684,
"IND","BCI","AMPLITUD","LTRENDIDX","M","2011-07",100.7458,
"IND","BCI","AMPLITUD","LTRENDIDX","M","2011-08",100.4005,
"IND","BCI","AMPLITUD","LTRENDIDX","M","2011-09",100.2304,
"IND","BCI","AMPLITUD","LTRENDIDX","M","2011-10",100.1856,
"IND","BCI","AMPLITUD","LTRENDIDX","M","2011-11",100.2143,
"IND","BCI","AMPLITUD","LTRENDIDX","M","2011-12",100.2825,
"IND","BCI","AMPLITUD","LTRENDIDX","M","2012-01",100.3205,
"IND","BCI","AMPLITUD","LTRENDIDX","M","2012-02",100.2343,
"IND","BCI","AMPLITUD","LTRENDIDX","M","2012-03",99.94681,
"IND","BCI","AMPLITUD","LTRENDIDX","M","2012-04",99.56335,
"IND","BCI","AMPLITUD","LTRENDIDX","M","2012-05",99.21763,
"IND","BCI","AMPLITUD","LTRENDIDX","M","2012-06",99.01339,
"IND","BCI","AMPLITUD","LTRENDIDX","M","2012-07",98.9286,
"IND","BCI","AMPLITUD","LTRENDIDX","M","2012-08",98.94118,
"IND","BCI","AMPLITUD","LTRENDIDX","M","2012-09",99.03542,
"IND","BCI","AMPLITUD","LTRENDIDX","M","2012-10",99.11096,
"IND","BCI","AMPLITUD","LTRENDIDX","M","2012-11",99.02891,
"IND","BCI","AMPLITUD","LTRENDIDX","M","2012-12",98.67659,
"IND","BCI","AMPLITUD","LTRENDIDX","M","2013-01",98.19,
"IND","BCI","AMPLITUD","LTRENDIDX","M","2013-02",97.74059,
"IND","BCI","AMPLITUD","LTRENDIDX","M","2013-03",97.45638,
"IND","BCI","AMPLITUD","LTRENDIDX","M","2013-04",97.30587,
"IND","BCI","AMPLITUD","LTRENDIDX","M","2013-05",97.26263,
"IND","BCI","AMPLITUD","LTRENDIDX","M","2013-06",97.33601,
"IND","BCI","AMPLITUD","LTRENDIDX","M","2013-07",97.49471,
"IND","BCI","AMPLITUD","LTRENDIDX","M","2013-08",97.73377,
"IND","BCI","AMPLITUD","LTRENDIDX","M","2013-09",98.05618,
"IND","BCI","AMPLITUD","LTRENDIDX","M","2013-10",98.37415,
"IND","BCI","AMPLITUD","LTRENDIDX","M","2013-11",98.56647,
"IND","BCI","AMPLITUD","LTRENDIDX","M","2013-12",98.54031,
"IND","BCI","AMPLITUD","LTRENDIDX","M","2014-01",98.41853,
"IND","BCI","AMPLITUD","LTRENDIDX","M","2014-02",98.35957,
"IND","BCI","AMPLITUD","LTRENDIDX","M","2014-03",98.47281,
"IND","BCI","AMPLITUD","LTRENDIDX","M","2014-04",98.67116,
"IND","BCI","AMPLITUD","LTRENDIDX","M","2014-05",98.83019,
"IND","BCI","AMPLITUD","LTRENDIDX","M","2014-06",98.8623,
"IND","BCI","AMPLITUD","LTRENDIDX","M","2014-07",98.83001,
"IND","BCI","AMPLITUD","LTRENDIDX","M","2014-08",98.82312,
"IND","BCI","AMPLITUD","LTRENDIDX","M","2014-09",98.90015,
"IND","BCI","AMPLITUD","LTRENDIDX","M","2014-10",99.00446,
"IND","BCI","AMPLITUD","LTRENDIDX","M","2014-11",99.04398,
"IND","BCI","AMPLITUD","LTRENDIDX","M","2014-12",98.94387,
"IND","BCI","AMPLITUD","LTRENDIDX","M","2015-01",98.76379,
"IND","BCI","AMPLITUD","LTRENDIDX","M","2015-02",98.57922,
"IND","BCI","AMPLITUD","LTRENDIDX","M","2015-03",98.44286,
"IND","BCI","AMPLITUD","LTRENDIDX","M","2015-04",98.35033,
"IND","BCI","AMPLITUD","LTRENDIDX","M","2015-05",98.29405,
"IND","BCI","AMPLITUD","LTRENDIDX","M","2015-06",98.27318,
"IND","BCI","AMPLITUD","LTRENDIDX","M","2015-07",98.26733,
"IND","BCI","AMPLITUD","LTRENDIDX","M","2015-08",98.25751,
"IND","BCI","AMPLITUD","LTRENDIDX","M","2015-09",98.23191,
"IND","BCI","AMPLITUD","LTRENDIDX","M","2015-10",98.19575,
"IND","BCI","AMPLITUD","LTRENDIDX","M","2015-11",98.15557,
"IND","BCI","AMPLITUD","LTRENDIDX","M","2015-12",98.11419,
"IND","BCI","AMPLITUD","LTRENDIDX","M","2016-01",98.06953,
"IND","BCI","AMPLITUD","LTRENDIDX","M","2016-02",98.01476,
"IND","BCI","AMPLITUD","LTRENDIDX","M","2016-03",97.94164,
"IND","BCI","AMPLITUD","LTRENDIDX","M","2016-04",97.85412,
"IND","BCI","AMPLITUD","LTRENDIDX","M","2016-05",97.75875,
"IND","BCI","AMPLITUD","LTRENDIDX","M","2016-06",97.66978,
"IND","BCI","AMPLITUD","LTRENDIDX","M","2016-07",97.62191,
"IND","BCI","AMPLITUD","LTRENDIDX","M","2016-08",97.6767,
"IND","BCI","AMPLITUD","LTRENDIDX","M","2016-09",97.88795,
"IND","BCI","AMPLITUD","LTRENDIDX","M","2016-10",98.16427,
"IND","BCI","AMPLITUD","LTRENDIDX","M","2016-11",98.38811,
"IND","BCI","AMPLITUD","LTRENDIDX","M","2016-12",98.46964,
"IND","BCI","AMPLITUD","LTRENDIDX","M","2017-01",98.45308,
"IND","BCI","AMPLITUD","LTRENDIDX","M","2017-02",98.39396,
"IND","BCI","AMPLITUD","LTRENDIDX","M","2017-03",98.33437,
"IND","BCI","AMPLITUD","LTRENDIDX","M","2017-04",98.32079,
"IND","BCI","AMPLITUD","LTRENDIDX","M","2017-05",98.42241,
"IND","BCI","AMPLITUD","LTRENDIDX","M","2017-06",98.70344,
"IND","BCI","AMPLITUD","LTRENDIDX","M","2017-07",99.08019,
"IND","BCI","AMPLITUD","LTRENDIDX","M","2017-08",99.45287,
"IND","BCI","AMPLITUD","LTRENDIDX","M","2017-09",99.74152,
"IND","BCI","AMPLITUD","LTRENDIDX","M","2017-10",99.92616,
"IND","BCI","AMPLITUD","LTRENDIDX","M","2017-11",99.96449,
"IND","BCI","AMPLITUD","LTRENDIDX","M","2017-12",99.81358,
"IND","BCI","AMPLITUD","LTRENDIDX","M","2018-01",99.59806,
"IND","BCI","AMPLITUD","LTRENDIDX","M","2018-02",99.47195,
"IND","BCI","AMPLITUD","LTRENDIDX","M","2018-03",99.54533,
"IND","BCI","AMPLITUD","LTRENDIDX","M","2018-04",99.72149,
"IND","BCI","AMPLITUD","LTRENDIDX","M","2018-05",99.87124,
"IND","BCI","AMPLITUD","LTRENDIDX","M","2018-06",99.90436,
"IND","BCI","AMPLITUD","LTRENDIDX","M","2018-07",99.86752,
"IND","BCI","AMPLITUD","LTRENDIDX","M","2018-08",99.82863,
"IND","BCI","AMPLITUD","LTRENDIDX","M","2018-09",99.83113,
"IND","BCI","AMPLITUD","LTRENDIDX","M","2018-10",99.85027,
"IND","BCI","AMPLITUD","LTRENDIDX","M","2018-11",99.83196,
"IND","BCI","AMPLITUD","LTRENDIDX","M","2018-12",99.71485,
"IND","BCI","AMPLITUD","LTRENDIDX","M","2019-01",99.48994,
"IND","BCI","AMPLITUD","LTRENDIDX","M","2019-02",99.11128,
"IND","BCI","AMPLITUD","LTRENDIDX","M","2019-03",98.51458,
"IND","BCI","AMPLITUD","LTRENDIDX","M","2019-04",97.78938,
"IND","BCI","AMPLITUD","LTRENDIDX","M","2019-05",97.03286,
"IND","BCI","AMPLITUD","LTRENDIDX","M","2019-06",96.33201,
"IND","BCI","AMPLITUD","LTRENDIDX","M","2019-07",95.77721,
"IND","BCI","AMPLITUD","LTRENDIDX","M","2019-08",95.50266,
"IND","BCI","AMPLITUD","LTRENDIDX","M","2019-09",95.58073,
"IND","BCI","AMPLITUD","LTRENDIDX","M","2019-10",95.63618,
"IND","BCI","AMPLITUD","LTRENDIDX","M","2019-11",95.13944,
"IND","BCI","AMPLITUD","LTRENDIDX","M","2019-12",93.72275,
"IND","BCI","AMPLITUD","LTRENDIDX","M","2020-01",92.04832,
"IND","BCI","AMPLITUD","LTRENDIDX","M","2020-02",91.07872,
"IND","BCI","AMPLITUD","LTRENDIDX","M","2020-03",91.60487,
"IND","BCI","AMPLITUD","LTRENDIDX","M","2020-04",93.06934,
"IND","BCI","AMPLITUD","LTRENDIDX","M","2020-05",94.85631,
"CAN","BCI","AMPLITUD","LTRENDIDX","M","2008-01",100.3215,
"CAN","BCI","AMPLITUD","LTRENDIDX","M","2008-02",100.1436,
"CAN","BCI","AMPLITUD","LTRENDIDX","M","2008-03",100.04,
"CAN","BCI","AMPLITUD","LTRENDIDX","M","2008-04",99.92387,
"CAN","BCI","AMPLITUD","LTRENDIDX","M","2008-05",99.71793,
"CAN","BCI","AMPLITUD","LTRENDIDX","M","2008-06",99.40687,
"CAN","BCI","AMPLITUD","LTRENDIDX","M","2008-07",98.95921,
"CAN","BCI","AMPLITUD","LTRENDIDX","M","2008-08",98.35403,
"CAN","BCI","AMPLITUD","LTRENDIDX","M","2008-09",97.74415,
"CAN","BCI","AMPLITUD","LTRENDIDX","M","2008-10",97.33484,
"CAN","BCI","AMPLITUD","LTRENDIDX","M","2008-11",97.26694,
"CAN","BCI","AMPLITUD","LTRENDIDX","M","2008-12",97.2996,
"CAN","BCI","AMPLITUD","LTRENDIDX","M","2009-01",97.09927,
"CAN","BCI","AMPLITUD","LTRENDIDX","M","2009-02",96.42826,
"CAN","BCI","AMPLITUD","LTRENDIDX","M","2009-03",95.56615,
"CAN","BCI","AMPLITUD","LTRENDIDX","M","2009-04",94.90668,
"CAN","BCI","AMPLITUD","LTRENDIDX","M","2009-05",94.74568,
"CAN","BCI","AMPLITUD","LTRENDIDX","M","2009-06",94.8664,
"CAN","BCI","AMPLITUD","LTRENDIDX","M","2009-07",94.98482,
"CAN","BCI","AMPLITUD","LTRENDIDX","M","2009-08",94.91329,
"CAN","BCI","AMPLITUD","LTRENDIDX","M","2009-09",94.72644,
"CAN","BCI","AMPLITUD","LTRENDIDX","M","2009-10",94.57997,
"CAN","BCI","AMPLITUD","LTRENDIDX","M","2009-11",94.64474,
"CAN","BCI","AMPLITUD","LTRENDIDX","M","2009-12",95.0005,
"CAN","BCI","AMPLITUD","LTRENDIDX","M","2010-01",95.82387,
"CAN","BCI","AMPLITUD","LTRENDIDX","M","2010-02",97.28535,
"CAN","BCI","AMPLITUD","LTRENDIDX","M","2010-03",98.97867,
"CAN","BCI","AMPLITUD","LTRENDIDX","M","2010-04",100.3864,
"CAN","BCI","AMPLITUD","LTRENDIDX","M","2010-05",101.1141,
"CAN","BCI","AMPLITUD","LTRENDIDX","M","2010-06",101.4092,
"CAN","BCI","AMPLITUD","LTRENDIDX","M","2010-07",101.5603,
"CAN","BCI","AMPLITUD","LTRENDIDX","M","2010-08",101.728,
"CAN","BCI","AMPLITUD","LTRENDIDX","M","2010-09",101.9205,
"CAN","BCI","AMPLITUD","LTRENDIDX","M","2010-10",102.0784,
"CAN","BCI","AMPLITUD","LTRENDIDX","M","2010-11",102.1351,
"CAN","BCI","AMPLITUD","LTRENDIDX","M","2010-12",102.1116,
"CAN","BCI","AMPLITUD","LTRENDIDX","M","2011-01",102.0282,
"CAN","BCI","AMPLITUD","LTRENDIDX","M","2011-02",101.8962,
"CAN","BCI","AMPLITUD","LTRENDIDX","M","2011-03",101.77,
"CAN","BCI","AMPLITUD","LTRENDIDX","M","2011-04",101.7209,
"CAN","BCI","AMPLITUD","LTRENDIDX","M","2011-05",101.8058,
"CAN","BCI","AMPLITUD","LTRENDIDX","M","2011-06",101.9575,
"CAN","BCI","AMPLITUD","LTRENDIDX","M","2011-07",102.0903,
"CAN","BCI","AMPLITUD","LTRENDIDX","M","2011-08",102.137,
"CAN","BCI","AMPLITUD","LTRENDIDX","M","2011-09",102.1065,
"CAN","BCI","AMPLITUD","LTRENDIDX","M","2011-10",102.0048,
"CAN","BCI","AMPLITUD","LTRENDIDX","M","2011-11",101.8341,
"CAN","BCI","AMPLITUD","LTRENDIDX","M","2011-12",101.6633,
"CAN","BCI","AMPLITUD","LTRENDIDX","M","2012-01",101.577,
"CAN","BCI","AMPLITUD","LTRENDIDX","M","2012-02",101.6253,
"CAN","BCI","AMPLITUD","LTRENDIDX","M","2012-03",101.6893,
"CAN","BCI","AMPLITUD","LTRENDIDX","M","2012-04",101.5905,
"CAN","BCI","AMPLITUD","LTRENDIDX","M","2012-05",101.1846,
"CAN","BCI","AMPLITUD","LTRENDIDX","M","2012-06",100.6186,
"CAN","BCI","AMPLITUD","LTRENDIDX","M","2012-07",100.0731,
"CAN","BCI","AMPLITUD","LTRENDIDX","M","2012-08",99.66454,
"CAN","BCI","AMPLITUD","LTRENDIDX","M","2012-09",99.32795,
"CAN","BCI","AMPLITUD","LTRENDIDX","M","2012-10",98.97211,
"CAN","BCI","AMPLITUD","LTRENDIDX","M","2012-11",98.56373,
"CAN","BCI","AMPLITUD","LTRENDIDX","M","2012-12",98.23038,
"CAN","BCI","AMPLITUD","LTRENDIDX","M","2013-01",98.1951,
"CAN","BCI","AMPLITUD","LTRENDIDX","M","2013-02",98.63577,
"CAN","BCI","AMPLITUD","LTRENDIDX","M","2013-03",99.24653,
"CAN","BCI","AMPLITUD","LTRENDIDX","M","2013-04",99.61852,
"CAN","BCI","AMPLITUD","LTRENDIDX","M","2013-05",99.45055,
"CAN","BCI","AMPLITUD","LTRENDIDX","M","2013-06",98.9985,
"CAN","BCI","AMPLITUD","LTRENDIDX","M","2013-07",98.61147,
"CAN","BCI","AMPLITUD","LTRENDIDX","M","2013-08",98.55195,
"CAN","BCI","AMPLITUD","LTRENDIDX","M","2013-09",98.75098,
"CAN","BCI","AMPLITUD","LTRENDIDX","M","2013-10",99.12041,
"CAN","BCI","AMPLITUD","LTRENDIDX","M","2013-11",99.60667,
"CAN","BCI","AMPLITUD","LTRENDIDX","M","2013-12",100.074,
"CAN","BCI","AMPLITUD","LTRENDIDX","M","2014-01",100.3553,
"CAN","BCI","AMPLITUD","LTRENDIDX","M","2014-02",100.322,
"CAN","BCI","AMPLITUD","LTRENDIDX","M","2014-03",100.1395,
"CAN","BCI","AMPLITUD","LTRENDIDX","M","2014-04",100.0167,
"CAN","BCI","AMPLITUD","LTRENDIDX","M","2014-05",100.1036,
"CAN","BCI","AMPLITUD","LTRENDIDX","M","2014-06",100.33,
"CAN","BCI","AMPLITUD","LTRENDIDX","M","2014-07",100.6031,
"CAN","BCI","AMPLITUD","LTRENDIDX","M","2014-08",100.8652,
"CAN","BCI","AMPLITUD","LTRENDIDX","M","2014-09",101.1052,
"CAN","BCI","AMPLITUD","LTRENDIDX","M","2014-10",101.317,
"CAN","BCI","AMPLITUD","LTRENDIDX","M","2014-11",101.4814,
"CAN","BCI","AMPLITUD","LTRENDIDX","M","2014-12",101.5754,
"CAN","BCI","AMPLITUD","LTRENDIDX","M","2015-01",101.5334,
"CAN","BCI","AMPLITUD","LTRENDIDX","M","2015-02",101.2806,
"CAN","BCI","AMPLITUD","LTRENDIDX","M","2015-03",100.9005,
"CAN","BCI","AMPLITUD","LTRENDIDX","M","2015-04",100.4777,
"CAN","BCI","AMPLITUD","LTRENDIDX","M","2015-05",100.0668,
"CAN","BCI","AMPLITUD","LTRENDIDX","M","2015-06",99.7046,
"CAN","BCI","AMPLITUD","LTRENDIDX","M","2015-07",99.44206,
"CAN","BCI","AMPLITUD","LTRENDIDX","M","2015-08",99.32719,
"CAN","BCI","AMPLITUD","LTRENDIDX","M","2015-09",99.28855,
"CAN","BCI","AMPLITUD","LTRENDIDX","M","2015-10",99.25012,
"CAN","BCI","AMPLITUD","LTRENDIDX","M","2015-11",99.16991,
"CAN","BCI","AMPLITUD","LTRENDIDX","M","2015-12",99.0784,
"CAN","BCI","AMPLITUD","LTRENDIDX","M","2016-01",99.03244,
"CAN","BCI","AMPLITUD","LTRENDIDX","M","2016-02",99.08028,
"CAN","BCI","AMPLITUD","LTRENDIDX","M","2016-03",99.18123,
"CAN","BCI","AMPLITUD","LTRENDIDX","M","2016-04",99.2842,
"CAN","BCI","AMPLITUD","LTRENDIDX","M","2016-05",99.35307,
"CAN","BCI","AMPLITUD","LTRENDIDX","M","2016-06",99.39014,
"CAN","BCI","AMPLITUD","LTRENDIDX","M","2016-07",99.39881,
"CAN","BCI","AMPLITUD","LTRENDIDX","M","2016-08",99.37812,
"CAN","BCI","AMPLITUD","LTRENDIDX","M","2016-09",99.34568,
"CAN","BCI","AMPLITUD","LTRENDIDX","M","2016-10",99.32676,
"CAN","BCI","AMPLITUD","LTRENDIDX","M","2016-11",99.35513,
"CAN","BCI","AMPLITUD","LTRENDIDX","M","2016-12",99.46042,
"CAN","BCI","AMPLITUD","LTRENDIDX","M","2017-01",99.70287,
"CAN","BCI","AMPLITUD","LTRENDIDX","M","2017-02",100.1313,
"CAN","BCI","AMPLITUD","LTRENDIDX","M","2017-03",100.6039,
"CAN","BCI","AMPLITUD","LTRENDIDX","M","2017-04",100.9281,
"CAN","BCI","AMPLITUD","LTRENDIDX","M","2017-05",100.9573,
"CAN","BCI","AMPLITUD","LTRENDIDX","M","2017-06",100.8348,
"CAN","BCI","AMPLITUD","LTRENDIDX","M","2017-07",100.7436,
"CAN","BCI","AMPLITUD","LTRENDIDX","M","2017-08",100.8076,
"CAN","BCI","AMPLITUD","LTRENDIDX","M","2017-09",100.9621,
"CAN","BCI","AMPLITUD","LTRENDIDX","M","2017-10",101.1107,
"CAN","BCI","AMPLITUD","LTRENDIDX","M","2017-11",101.1917,
"CAN","BCI","AMPLITUD","LTRENDIDX","M","2017-12",101.251,
"CAN","BCI","AMPLITUD","LTRENDIDX","M","2018-01",101.3609,
"CAN","BCI","AMPLITUD","LTRENDIDX","M","2018-02",101.5609,
"CAN","BCI","AMPLITUD","LTRENDIDX","M","2018-03",101.7478,
"CAN","BCI","AMPLITUD","LTRENDIDX","M","2018-04",101.7601,
"CAN","BCI","AMPLITUD","LTRENDIDX","M","2018-05",101.4755,
"CAN","BCI","AMPLITUD","LTRENDIDX","M","2018-06",101.0824,
"CAN","BCI","AMPLITUD","LTRENDIDX","M","2018-07",100.8282,
"CAN","BCI","AMPLITUD","LTRENDIDX","M","2018-08",100.8745,
"CAN","BCI","AMPLITUD","LTRENDIDX","M","2018-09",101.0151,
"CAN","BCI","AMPLITUD","LTRENDIDX","M","2018-10",100.9448,
"CAN","BCI","AMPLITUD","LTRENDIDX","M","2018-11",100.4352,
"CAN","BCI","AMPLITUD","LTRENDIDX","M","2018-12",99.72081,
"CAN","BCI","AMPLITUD","LTRENDIDX","M","2019-01",99.12427,
"CAN","BCI","AMPLITUD","LTRENDIDX","M","2019-02",98.88577,
"CAN","BCI","AMPLITUD","LTRENDIDX","M","2019-03",98.87525,
"CAN","BCI","AMPLITUD","LTRENDIDX","M","2019-04",98.92553,
"CAN","BCI","AMPLITUD","LTRENDIDX","M","2019-05",98.93768,
"CAN","BCI","AMPLITUD","LTRENDIDX","M","2019-06",98.9255,
"CAN","BCI","AMPLITUD","LTRENDIDX","M","2019-07",98.94019,
"CAN","BCI","AMPLITUD","LTRENDIDX","M","2019-08",99.01936,
"CAN","BCI","AMPLITUD","LTRENDIDX","M","2019-09",99.10908,
"CAN","BCI","AMPLITUD","LTRENDIDX","M","2019-10",99.11119,
"CAN","BCI","AMPLITUD","LTRENDIDX","M","2019-11",98.91988,
"CAN","BCI","AMPLITUD","LTRENDIDX","M","2019-12",98.54597,
"CAN","BCI","AMPLITUD","LTRENDIDX","M","2020-01",97.96071,
"CAN","BCI","AMPLITUD","LTRENDIDX","M","2020-02",97.12214,
"CAN","BCI","AMPLITUD","LTRENDIDX","M","2020-03",96.21283,
"CAN","BCI","AMPLITUD","LTRENDIDX","M","2020-04",95.46751,
"CAN","BCI","AMPLITUD","LTRENDIDX","M","2020-05",95.07133,
"CAN","BCI","AMPLITUD","LTRENDIDX","M","2020-06",94.89431,
"CAN","BCI","AMPLITUD","LTRENDIDX","M","2020-07",94.79263,
